id,description
fa54c298-dbc2-41ce-aa34-0351bf5a71d0,"Day 1 - SysClient0201 -> 142.20.56.204 (SMB)"
de2f9804-acdc-48a7-b52a-bddb03c8f82f,"Day 1 - SysClient0201 -> 142.20.56.204 (SMB)"
ced61d66-e204-4107-9cb0-a9974cd376cf,"Day 1 - SysClient0201 -> 142.20.56.204 (SMB)"
f809631e-86d3-4dad-877a-e998c9d14a93,"Day 1 - SysClient0201 -> 142.20.56.204 (SMB)"
965a2d0f-3e57-481e-a856-4ed5171ba183,"Day 1 - SysClient0201 -> 142.20.56.204 (SMB)"
f41ee1ee-60a7-44c4-8fec-d98cf853b6cb,"Day 1 - SysClient0201 -> 142.20.56.204 (SMB)"
2e454806-cac2-40eb-899f-97a9ca5c6f7a,"Day 1 - Ping sweep from SysClient0201"
16de7238-976a-4363-b0bb-0a8013ff67ee,"Day 1 - Ping sweep from SysClient0201"
a0530d4e-cd48-4cd6-ab05-d2b7feebb062,"Day 1 - Ping sweep from SysClient0201"
1a510b3d-a7c2-4485-8304-d35cc761c26e,"Day 1 - Ping sweep from SysClient0201"
39f79f3c-0a89-4219-ba86-a9fd488dc44b,"Day 1 - Ping sweep from SysClient0201"
7223d12e-3d88-4066-8da7-3dd55e305f66,"Day 1 - Ping sweep from SysClient0201"
bfa6cbcf-b022-4969-ae4f-929720313523,"Day 1 - Ping sweep from SysClient0201"
9cc2f89c-1b9a-4d98-a06c-672ead8390ca,"Day 1 - Ping sweep from SysClient0201"
bbf0ff95-2ed7-43ea-91a0-5cbee77a270f,"Day 1 - Ping sweep from SysClient0201"
cbbd21ce-d9f4-453a-9b6a-d08840527836,"Day 1 - Ping sweep from SysClient0201"
db18e97e-27d8-4bb9-b2c9-67135554f2bc,"Day 1 - Ping sweep from SysClient0201"
aff4f740-5f43-4085-a6b0-284b7747fc30,"Day 1 - Ping sweep from SysClient0201"
684c7b47-3641-475e-b3f9-a0ccb3c869c3,"Day 1 - Ping sweep from SysClient0201"
f0d396a6-c18e-4b99-b94c-ff51a63c37eb,"Day 1 - Ping sweep from SysClient0201"
2cbc914f-2691-4a13-aa07-0c237bf701c6,"Day 1 - Ping sweep from SysClient0201"
c1d9a490-812c-4845-b7e8-1b54257872cd,"Day 1 - Ping sweep from SysClient0201"
72b22321-b94b-43ef-8f03-a308a1eb5b05,"Day 1 - Ping sweep from SysClient0201"
3449f672-f598-4378-83dd-3d9a18b6cba1,"Day 1 - Ping sweep from SysClient0201"
952d3ae1-1a77-4ccc-a76a-bdf182ed1466,"Day 1 - Ping sweep from SysClient0201"
d1005734-450f-4cd4-9c36-1a5c3760802c,"Day 1 - Ping sweep from SysClient0201"
0cf71a95-955b-481f-9da5-c19a526ad234,"Day 1 - Ping sweep from SysClient0201"
9dcb3cf7-796c-4c9f-8cf6-613a1b888d5c,"Day 1 - Ping sweep from SysClient0201"
1637aeca-4360-4395-b4e1-45078821219d,"Day 1 - Ping sweep from SysClient0201"
df49ec72-4d06-4da3-898d-bcd96eb27823,"Day 1 - Ping sweep from SysClient0201"
4b4b2369-d934-4455-a84d-3996bfd1194f,"Day 1 - Ping sweep from SysClient0201"
892157a5-fc12-46f6-901f-f138076907b3,"Day 1 - Ping sweep from SysClient0201"
5a1bf386-2a6c-47ad-b23d-4de2884b8dd1,"Day 1 - Ping sweep from SysClient0201"
b46983e6-01c0-443e-8453-8e066f2947df,"Day 1 - Ping sweep from SysClient0201"
0ebcbf7a-8e41-497a-8d7c-b287ce28f358,"Day 1 - Ping sweep from SysClient0201"
c17d367c-d8f5-43de-bc13-7a14fb2e3750,"Day 1 - Ping sweep from SysClient0201"
fff7ab10-a904-44d2-a598-179b35f45842,"Day 1 - Ping sweep from SysClient0201"
9b52ee0d-8b03-4b6e-9c04-09276a36a1d5,"Day 1 - Ping sweep from SysClient0201"
2001eab0-94a4-48e2-ab1d-0ecfe6b3cd7e,"Day 1 - Ping sweep from SysClient0201"
724b50ac-15ae-49fc-bfeb-f001e3141b37,"Day 1 - Ping sweep from SysClient0201"
bd9f88b9-ad0c-4475-8673-287fb07c5a10,"Day 1 - Ping sweep from SysClient0201"
0bc73c84-4c24-4162-b864-8396483a4ed5,"Day 1 - Ping sweep from SysClient0201"
399925bd-8236-433d-bc02-432f5cb70f60,"Day 1 - Ping sweep from SysClient0201"
e42831bb-688c-4055-9938-34ebd0f448d7,"Day 1 - Ping sweep from SysClient0201"
18aada57-c6ce-4aa6-a038-637e1a0c3b13,"Day 1 - Ping sweep from SysClient0201"
88139544-f046-4e38-8ac5-8ac218146ba4,"Day 1 - Ping sweep from SysClient0201"
e918b60f-abb9-44b0-9148-142247498d74,"Day 1 - Ping sweep from SysClient0201"
d02f8634-4531-4bef-8b9a-ad72ac8182bd,"Day 1 - Ping sweep from SysClient0201"
7abb7540-bb9b-4de0-a80f-9ea35041003b,"Day 1 - Ping sweep from SysClient0201"
9dc5f9bb-2d23-43ab-a66c-4e3d46c5e39c,"Day 1 - Ping sweep from SysClient0201"
87241354-19ff-45a7-9e5a-78dabb58c721,"Day 1 - Ping sweep from SysClient0201"
acdeaa2f-7387-40f4-bfd1-81b9b8bdebdc,"Day 1 - Ping sweep from SysClient0201"
9801cc12-f57a-48a6-9602-742fa031a055,"Day 1 - Ping sweep from SysClient0201"
0badb4ac-3c16-4374-94f2-007cccccbf3b,"Day 1 - Ping sweep from SysClient0201"
b3abcb4e-9290-4caa-80c0-cc4320c48e05,"Day 1 - Ping sweep from SysClient0201"
deaea470-005c-4f71-9857-667cf0b4e1aa,"Day 1 - Ping sweep from SysClient0201"
fa8fd0eb-3e4a-47b6-8dc0-7880a6611f55,"Day 1 - Ping sweep from SysClient0201"
4e765a77-3ee7-4861-90bf-932eb4e7a122,"Day 1 - Ping sweep from SysClient0201"
f1b41b47-e254-41aa-b3d6-2eca1ab6557f,"Day 1 - Ping sweep from SysClient0201"
3c767652-9aec-46b5-8153-3a2a7da92df0,"Day 1 - Ping sweep from SysClient0201"
da7e4a5b-aeb3-4af8-b321-2a31bd7f269a,"Day 1 - Ping sweep from SysClient0201"
7955aa78-f725-470b-82cc-5ea7f8c9e10c,"Day 1 - Ping sweep from SysClient0201"
659e8720-461f-4c09-95c1-a41d3ac8fa94,"Day 1 - Ping sweep from SysClient0201"
3eab311b-76e7-4c62-bc87-51fcd1d423f3,"Day 1 - Ping sweep from SysClient0201"
6ace6940-63aa-4bdf-9d22-df5ba084b7af,"Day 1 - Ping sweep from SysClient0201"
51cc05dc-5b30-40cd-ba33-5fb4dbe3f8f6,"Day 1 - Ping sweep from SysClient0201"
dcc04786-e03a-494b-874b-4cc5ddcc5d50,"Day 1 - Ping sweep from SysClient0201"
c5d91cf7-326e-4b37-9734-985825ebbe58,"Day 1 - Ping sweep from SysClient0201"
3df25bc6-99c6-4710-a84f-0387ce1ca5d6,"Day 1 - Ping sweep from SysClient0201"
f69719f0-9c13-4ece-95de-115b1e8e9c7d,"Day 1 - Ping sweep from SysClient0201"
99094004-4c25-417d-b6d4-be7b8de621f4,"Day 1 - Ping sweep from SysClient0201"
f5a06b62-a982-4727-8114-3ffe5471c14a,"Day 1 - Ping sweep from SysClient0201"
56610a4e-ccd3-4b74-b349-6fe960f66214,"Day 1 - Ping sweep from SysClient0201"
659c1a4b-398f-4cbc-920d-ccdd863e77f8,"Day 1 - Ping sweep from SysClient0201"
c5cb280e-cfb8-4a8e-8082-a52b2d3c6aac,"Day 1 - Ping sweep from SysClient0201"
6efbcd8d-cd75-40e7-a804-22249b8b5e48,"Day 1 - Ping sweep from SysClient0201"
e6c409ea-68af-4092-80e2-2144eb85d3f9,"Day 1 - Ping sweep from SysClient0201"
482ff67d-2dea-49c4-8816-392b7890c90c,"Day 1 - Ping sweep from SysClient0201"
e2946e8d-a1ec-4106-a480-b86077347302,"Day 1 - Ping sweep from SysClient0201"
6050f621-bd0f-4559-bddf-8ec54a5a9b58,"Day 1 - Ping sweep from SysClient0201"
cd7b4999-8119-4913-b7fd-33a3de5e006e,"Day 1 - Ping sweep from SysClient0201"
f6d190af-6a4f-4ff6-b010-b92fff031c71,"Day 1 - Ping sweep from SysClient0201"
d79b1dd6-87ea-437c-b50d-db408e77897c,"Day 1 - Ping sweep from SysClient0201"
e49269e0-0424-4c9f-a63b-a1af45c78d2e,"Day 1 - Ping sweep from SysClient0201"
7eac8fb6-2f30-4546-9265-a7549a581b4f,"Day 1 - Ping sweep from SysClient0201"
6d2c7933-360a-47b9-986f-c7a979a48d28,"Day 1 - Ping sweep from SysClient0201"
07a13ff8-6918-4ad5-b530-d52d2bdcc992,"Day 1 - Ping sweep from SysClient0201"
329e9cb8-ffcd-4ab7-99bf-212d62e47ce7,"Day 1 - Ping sweep from SysClient0201"
8a7bdf8e-6573-460e-8e18-266cd02f22c7,"Day 1 - Ping sweep from SysClient0201"
91ff3cea-f078-47cd-95b2-48109c9bab2b,"Day 1 - Ping sweep from SysClient0201"
fdfaf67c-b0bb-4d9b-92ec-08e41417ead7,"Day 1 - Ping sweep from SysClient0201"
7a1c6c24-8025-4442-95b5-7f8ddc6401b2,"Day 1 - Ping sweep from SysClient0201"
3fd6972e-7266-43d9-a291-95be00cabfe6,"Day 1 - Ping sweep from SysClient0201"
9111d21c-bd16-44cf-a05b-680e846735f8,"Day 1 - Ping sweep from SysClient0201"
7349eadd-dc30-4c66-8c59-486d171c7268,"Day 1 - Ping sweep from SysClient0201"
e17fe28b-dffd-43cf-8246-935812e594e0,"Day 1 - Ping sweep from SysClient0201"
b5d8909e-923b-4063-98ae-77efdf3c76c0,"Day 1 - Ping sweep from SysClient0201"
f44b9df9-f36a-4586-87c2-645fb93772ad,"Day 1 - Ping sweep from SysClient0201"
1a4be3fc-5ca7-4d08-ab19-7efa6baedd66,"Day 1 - Ping sweep from SysClient0201"
644e1d26-916f-4bfd-a346-eef66dcf3b89,"Day 1 - Ping sweep from SysClient0201"
50c6293f-e166-481c-8e3f-58d502f3a56b,"Day 1 - Ping sweep from SysClient0201"
fb4f0a50-6454-4804-a96c-63a46aa0e4db,"Day 1 - Ping sweep from SysClient0201"
ee3a23b5-b2df-4c1c-82c1-16f2a9ca4335,"Day 1 - Ping sweep from SysClient0201"
ac13aab7-332d-42c6-afd6-70d547415ffa,"Day 1 - Ping sweep from SysClient0201"
9a100f0f-3225-44ed-93c6-20bcc24f39d0,"Day 1 - Ping sweep from SysClient0201"
b96e8431-9bb6-48ba-b13b-ed032c090995,"Day 1 - Ping sweep from SysClient0201"
c9ae5cf9-c937-41cc-9830-5f56874ab6b6,"Day 1 - Ping sweep from SysClient0201"
c153d077-1f9c-4bb2-9bc7-7c48cd190faa,"Day 1 - Ping sweep from SysClient0201"
65738d73-4cb1-4103-9cd0-59bf7e254951,"Day 1 - Ping sweep from SysClient0201"
0f9b0e6f-9b16-4220-b727-fd69febd1616,"Day 1 - Ping sweep from SysClient0201"
e1aea248-44ee-4a11-ab8e-362998f9797b,"Day 1 - Ping sweep from SysClient0201"
926c5193-80d1-4b0f-a875-d49e12f4b67f,"Day 1 - Ping sweep from SysClient0201"
617c6194-11b4-4969-a97f-49edcc264500,"Day 1 - Ping sweep from SysClient0201"
3022151f-ddd8-4adf-ac79-96a8f59d8425,"Day 1 - Ping sweep from SysClient0201"
df0c18c0-4149-4387-b9de-cff28c994b45,"Day 1 - Ping sweep from SysClient0201"
cb10af9f-cdc4-4e58-8b7f-de3c7c9cab92,"Day 1 - Ping sweep from SysClient0201"
4246d748-7c01-4d31-a64b-452235d5d8c2,"Day 1 - Ping sweep from SysClient0201"
2b8b622e-2bba-413e-9894-4704ae70aa22,"Day 1 - Ping sweep from SysClient0201"
921d753e-f0c3-4c01-ae85-0a51fca3023e,"Day 1 - Ping sweep from SysClient0201"
cc68493c-7bd8-4db9-8143-a57a3243a574,"Day 1 - Ping sweep from SysClient0201"
b859ccf0-331c-429a-8fc3-6f6df2946b7a,"Day 1 - Ping sweep from SysClient0201"
87090bb5-ded1-4ed2-bae9-6c7ac61f6c7b,"Day 1 - Ping sweep from SysClient0201"
ac48cd64-ea9b-4e91-9bea-39ecc0c1d185,"Day 1 - Ping sweep from SysClient0201"
32d8502c-671d-454f-80ff-956a4e10e803,"Day 1 - Ping sweep from SysClient0201"
1eeb4e95-276a-4f1c-99f5-65d3222ce162,"Day 1 - Ping sweep from SysClient0201"
0ab61071-ad9b-47ac-b523-d81fd46207bc,"Day 1 - Ping sweep from SysClient0201"
7f41f480-f1f0-407d-8eb8-cecb337bbc6c,"Day 1 - Ping sweep from SysClient0201"
cfefc868-4696-49bd-abd3-f8890841695c,"Day 1 - Ping sweep from SysClient0201"
c89d0571-f7eb-459e-827b-3ece0fe1e0ae,"Day 1 - Ping sweep from SysClient0201"
fcb9b0dc-d177-4848-a2cb-8587e9dfdffb,"Day 1 - Ping sweep from SysClient0201"
3240e2de-9d6a-42a6-a305-64c7aa546cef,"Day 1 - Ping sweep from SysClient0201"
68e83178-dd97-4f29-9a08-c9d214600e47,"Day 1 - Ping sweep from SysClient0201"
18f8d323-059b-49b7-aba0-9d081dfe6b24,"Day 1 - Ping sweep from SysClient0201"
8ccfd2e7-c0df-4acb-bdd9-dbbb79b46fc3,"Day 1 - Ping sweep from SysClient0201"
dd3ca308-d5c7-4339-b196-dcbb601d0a71,"Day 1 - Ping sweep from SysClient0201"
481586c2-335c-4781-93f0-6003013eba7e,"Day 1 - Ping sweep from SysClient0201"
9f6388f4-96cd-475d-a5c6-d17dab43c083,"Day 1 - Ping sweep from SysClient0201"
f53a4de7-2dec-4938-b495-942dd38cb9e9,"Day 1 - Ping sweep from SysClient0201"
48142d74-ca7c-4c6f-8bbf-cff0d333fbf0,"Day 1 - Ping sweep from SysClient0201"
d310fabe-4234-4f64-a08d-3fd0cf8a5951,"Day 1 - Ping sweep from SysClient0201"
4acf06e0-5557-4174-bd9e-2a6032811b73,"Day 1 - Ping sweep from SysClient0201"
c708fbff-bdc9-4acc-a1a2-cc6138235597,"Day 1 - Ping sweep from SysClient0201"
0337bf81-f40b-4a14-854f-6350d9d0ca3b,"Day 1 - Ping sweep from SysClient0201"
7272dfa4-3753-47f3-ae1f-7372d5a1a8ae,"Day 1 - Ping sweep from SysClient0201"
8e082cee-c5ec-4646-b6cd-217192e6d2fc,"Day 1 - Ping sweep from SysClient0201"
2833b619-8e1c-483e-a83e-6a4ca80f4843,"Day 1 - Ping sweep from SysClient0201"
8c029f4a-2f3a-4968-8dcd-8dcc15ffdc7b,"Day 1 - Ping sweep from SysClient0201"
57abb721-20de-444c-b88e-88dd52522a74,"Day 1 - Ping sweep from SysClient0201"
61978f2d-5f4f-4f88-b8b2-227ac807b8ee,"Day 1 - Ping sweep from SysClient0201"
b4142636-b073-41f3-a9a7-0cba5078f0b5,"Day 1 - Ping sweep from SysClient0201"
af3c3644-55e1-4e13-a8fe-47510a80e240,"Day 1 - Ping sweep from SysClient0201"
7db67010-0e02-4047-a527-c10be8344952,"Day 1 - Ping sweep from SysClient0201"
b1712e6e-4f10-44ba-b720-93b9bf7e9e16,"Day 1 - Ping sweep from SysClient0201"
5b6abc23-af10-440f-affd-ca68d4f4aebf,"Day 1 - Ping sweep from SysClient0201"
dcc4c186-c41c-4b03-898a-8739df75f604,"Day 1 - Ping sweep from SysClient0201"
7128989d-2a04-4c40-9784-1575335132ea,"Day 1 - Ping sweep from SysClient0201"
6cd2ff35-708e-4c27-9253-df5bb9b20673,"Day 1 - Ping sweep from SysClient0201"
1989d99a-514d-4d60-ade9-9ff718d93c61,"Day 1 - Ping sweep from SysClient0201"
1972212c-d776-48e5-8db1-eee11d1bdc3c,"Day 1 - Ping sweep from SysClient0201"
458fb837-feed-4254-b5b0-37acf3b13c23,"Day 1 - Ping sweep from SysClient0201"
d4c8a870-0451-4713-b642-61f46e1cd874,"Day 1 - Ping sweep from SysClient0201"
a5304f76-7ad6-41b5-ac44-f4035d555e19,"Day 1 - Ping sweep from SysClient0201"
e032743e-2abe-4c94-b867-ad19e713c826,"Day 1 - Ping sweep from SysClient0201"
b8ddea45-6797-4709-b8f2-ea39d2041421,"Day 1 - Ping sweep from SysClient0201"
5a3fb874-2d77-48b2-b7f8-b0e01d365b71,"Day 1 - Ping sweep from SysClient0201"
2050036d-a0c8-4d26-9ba6-ec5d88d24af7,"Day 1 - Ping sweep from SysClient0201"
f786a889-5ae4-418b-8bed-366caeec1914,"Day 1 - Ping sweep from SysClient0201"
f1f5d4c2-19e6-41c0-8718-f365f259ddc1,"Day 1 - Ping sweep from SysClient0201"
ad76647f-f99d-4b70-a198-67cf668f4557,"Day 1 - Ping sweep from SysClient0201"
c25584c6-25de-4802-9338-e6e34d6c3bb0,"Day 1 - Ping sweep from SysClient0201"
b4c9081b-b0d5-44e4-8e8c-6517d08a0af1,"Day 1 - Ping sweep from SysClient0201"
6c2d807f-5016-49d7-9bd4-a98cdb8bbf02,"Day 1 - Ping sweep from SysClient0201"
c698751c-e08a-4ad1-9da9-86595e173279,"Day 1 - Ping sweep from SysClient0201"
90bfc17a-cdab-45ce-8041-9f6e1fcc5d13,"Day 1 - Ping sweep from SysClient0201"
9be3c369-5409-442a-ac30-4aa646f911b8,"Day 1 - Ping sweep from SysClient0201"
6d9b8dbc-f793-4de3-8c6a-ec19c410a2ba,"Day 1 - Ping sweep from SysClient0201"
cb150019-b7fa-4307-9b82-4b8ef4a6b699,"Day 1 - Ping sweep from SysClient0201"
d3d45009-ba5f-4a9f-b878-31a56e2a088f,"Day 1 - Ping sweep from SysClient0201"
2e4b53d5-4076-4d16-9e4c-9ca02055e256,"Day 1 - Ping sweep from SysClient0201"
bad57f73-a9c5-466c-afa5-616a2e001882,"Day 1 - Ping sweep from SysClient0201"
5247799b-28e5-4ea4-8715-985e44c72c7c,"Day 1 - Ping sweep from SysClient0201"
aabf0d14-6fdf-4a8b-bf73-61712b284206,"Day 1 - Ping sweep from SysClient0201"
ed3f0d39-ed28-4284-b34b-2bb38229f17a,"Day 1 - Ping sweep from SysClient0201"
4f92b8b2-43fd-4407-a8f1-c6cb9622eb8e,"Day 1 - Ping sweep from SysClient0201"
e545e374-6604-4154-9248-79af23006a58,"Day 1 - Ping sweep from SysClient0201"
c7b004c3-befa-4eb1-8e7c-56627f998c3b,"Day 1 - Ping sweep from SysClient0201"
deee12d4-ca43-4c14-a139-6ac9e42c4fde,"Day 1 - Ping sweep from SysClient0201"
7108522c-5002-4739-a59f-7078f664633e,"Day 1 - Ping sweep from SysClient0201"
40816e96-d956-42c7-97fa-d114d0aa24a6,"Day 1 - Ping sweep from SysClient0201"
2e7edadb-3de9-4134-b967-e98d1c093807,"Day 1 - Ping sweep from SysClient0201"
84dc1681-a3f1-4a48-8a1a-c0f136b95abd,"Day 1 - Ping sweep from SysClient0201"
cfa31cfd-2f41-4543-a4ad-2dde3942ec5f,"Day 1 - Ping sweep from SysClient0201"
7b389162-9357-49e4-89e1-f927135a0631,"Day 1 - Ping sweep from SysClient0201"
74ed1fe9-d1e6-49a1-8626-73227636189e,"Day 1 - Ping sweep from SysClient0201"
211f11ac-2f01-4ead-92f1-2e1f3fadf544,"Day 1 - Ping sweep from SysClient0201"
3372e32b-0a9d-4fa2-a738-c8eb664c638c,"Day 1 - Ping sweep from SysClient0201"
315a353d-be5c-49a3-abf8-d42fc40c09b8,"Day 1 - Ping sweep from SysClient0201"
a8443a98-a239-4a70-8034-85d7da5b694d,"Day 1 - Ping sweep from SysClient0201"
be0d1cc7-57da-4daf-b86a-dccf9a8f1a08,"Day 1 - Ping sweep from SysClient0201"
ddec8d07-b981-41ad-b394-cdbb8e83ab51,"Day 1 - Ping sweep from SysClient0201"
90b73187-6cc4-48ab-9224-5f7e1379eba0,"Day 1 - Ping sweep from SysClient0201"
5c9f344a-3185-4fda-9888-73c061d57f1e,"Day 1 - Ping sweep from SysClient0201"
7b06f5d0-a525-4884-a6f1-553f4f501a01,"Day 1 - Ping sweep from SysClient0201"
929a864e-2d46-4d30-a6fe-c3610bca80ec,"Day 1 - Ping sweep from SysClient0201"
b76bd24d-7799-4c29-8bf1-88b070ef748f,"Day 1 - Ping sweep from SysClient0201"
52d82af6-8dcb-40e0-8528-8159af32e832,"Day 1 - Ping sweep from SysClient0201"
d96c8167-755a-4551-9f65-b44837ebc1bb,"Day 1 - Ping sweep from SysClient0201"
14d6e433-c4f3-4ba2-9c73-ca52745ba969,"Day 1 - Ping sweep from SysClient0201"
775bd8c2-3c23-46cd-b915-b65212a79c5c,"Day 1 - Ping sweep from SysClient0201"
31d579e9-f7b9-488d-8c85-a60eaf9a26ae,"Day 1 - Ping sweep from SysClient0201"
9d90eb06-91d3-471b-8c63-5ce637c68f66,"Day 1 - Ping sweep from SysClient0201"
c9c3f949-ff04-4304-b404-ab7a52e91dfe,"Day 1 - Ping sweep from SysClient0201"
6f6dfcb2-0dc9-4e6f-8dd1-4328e19d8fd9,"Day 1 - Ping sweep from SysClient0201"
cc514a64-529e-4f5c-834c-64e5ca7f2c38,"Day 1 - Ping sweep from SysClient0201"
87edd5ab-8651-496f-b6b9-7de1deed7cda,"Day 1 - Ping sweep from SysClient0201"
152d05a0-92e0-46e1-b0d6-c220b0ca7fb4,"Day 1 - Ping sweep from SysClient0201"
4918d92b-7305-4767-9cab-8b43840cbfd9,"Day 1 - Ping sweep from SysClient0201"
dab3295b-a356-4b4d-9723-ea8cf6a6c9e3,"Day 1 - Ping sweep from SysClient0201"
a4c2a0f5-f6c6-4404-ba7b-412e797a463e,"Day 1 - Ping sweep from SysClient0201"
35c020c6-7ea8-42e1-9b9d-50b1794871fa,"Day 1 - Ping sweep from SysClient0201"
4213697d-551b-487f-bda6-38d67eda6a20,"Day 1 - Ping sweep from SysClient0201"
4aaf57ed-9340-4d24-9ff5-19928d5e9be3,"Day 1 - Ping sweep from SysClient0201"
e4696426-32da-4452-be33-f094a4321955,"Day 1 - Ping sweep from SysClient0201"
45c6d7c8-e4d9-491a-ac91-17dcc0a8b12c,"Day 1 - Ping sweep from SysClient0201"
ffe6b5bc-18a6-444a-aaf4-d5f12a969a10,"Day 1 - Ping sweep from SysClient0201"
80c51be5-c1d3-4d6b-a259-792766678807,"Day 1 - Ping sweep from SysClient0201"
4d8b1e2e-ea6a-4179-836a-bef839296e55,"Day 1 - Ping sweep from SysClient0201"
59c201da-fe2e-4ac2-8e85-75692f731c2a,"Day 1 - Ping sweep from SysClient0201"
d3719b97-a362-4bdb-83c3-c066f5fe38e5,"Day 1 - Ping sweep from SysClient0201"
3935df5b-c33f-4109-9d79-4f0edbb7b704,"Day 1 - Ping sweep from SysClient0201"
a493fb51-b4e3-41f7-9bdc-a767df3f150a,"Day 1 - Ping sweep from SysClient0201"
1c5928c5-0125-489c-a7e3-371158905d41,"Day 1 - Ping sweep from SysClient0201"
69f1a3b4-3411-4e2d-8aea-547a10907089,"Day 1 - Ping sweep from SysClient0201"
677d3890-1e5f-4219-8b0a-24ef915a4f06,"Day 1 - Ping sweep from SysClient0201"
8adf38fd-a0e2-409d-9838-2473bd4d746f,"Day 1 - Ping sweep from SysClient0201"
4c2be9d5-6234-411f-b208-b4fd365c7826,"Day 1 - Ping sweep from SysClient0201"
08924f7a-0f94-40cb-8fb6-b288eb803edf,"Day 1 - Ping sweep from SysClient0201"
c193b58b-239c-45d7-8063-ae47d701410b,"Day 1 - Ping sweep from SysClient0201"
812d9d6d-2efc-4069-8808-122cfb2379c2,"Day 1 - Ping sweep from SysClient0201"
50531933-e01b-4351-a2ea-3756992142ae,"Day 1 - Ping sweep from SysClient0201"
54a81fd5-7549-48da-b6b4-6e3f2dfbe5aa,"Day 1 - Ping sweep from SysClient0201"
0a0e24d8-a3be-4bbf-9555-ecf35ef4838c,"Day 1 - Ping sweep from SysClient0201"
b86348a4-f24d-4efe-bfea-7df8f98a2207,"Day 1 - Ping sweep from SysClient0201"
bd9cbf35-beab-447e-aaec-8efd6c7df946,"Day 1 - Ping sweep from SysClient0201"
edbefa2d-2fd6-41f2-9d71-bab9841c6009,"Day 1 - Ping sweep from SysClient0201"
ba9c254c-ea87-4a3a-b4c4-385fee5c37a0,"Day 1 - Ping sweep from SysClient0201"
ffb0afc3-266e-420a-a287-2e6bcd28bbcf,"Day 1 - Ping sweep from SysClient0201"
a2c2ec88-8bbe-478b-a2f2-0136e5b74444,"Day 1 - Ping sweep from SysClient0201"
e6092828-df13-4d7b-b6d7-975c1f774975,"Day 1 - Ping sweep from SysClient0201"
942fb4c3-a5fe-4068-a5e2-4657211cb368,"Day 1 - Ping sweep from SysClient0201"
2c1a0b39-b7da-4928-a5f2-e120eb7a8ace,"Day 1 - Ping sweep from SysClient0201"
46722749-e393-4c56-a200-006226a33d83,"Day 1 - Ping sweep from SysClient0201"
51a6e2b8-d649-4c3a-87bb-da5fc4310fa8,"Day 1 - Ping sweep from SysClient0201"
2208c30f-b9c0-43be-a426-d5169e8cd2dd,"Day 1 - Ping sweep from SysClient0201"
fa2c5a98-ea7b-41a0-81b6-1a26593ff88b,"Day 1 - Ping sweep from SysClient0201"
4a24b1b4-623d-4df1-984e-0be68aa3826f,"Day 1 - Ping sweep from SysClient0201"
750a0043-8460-420f-9f12-36e737398254,"Day 1 - Ping sweep from SysClient0201"
a595e922-afec-4d1c-9dfb-c819cc32c5cf,"Day 1 - Ping sweep from SysClient0201"
b9d6d6e6-4fb9-4322-8de0-c072995e12f0,"Day 1 - Ping sweep from SysClient0201"
ead85105-2614-44e2-ba1b-9adb63a022fe,"Day 1 - Ping sweep from SysClient0201"
f1e7670b-000f-4705-993c-01af86785064,"Day 1 - Ping sweep from SysClient0201"
a6613f33-ab78-41ae-bc6a-0a434002b23d,"Day 1 - Ping sweep from SysClient0201"
8d9c7ae2-5433-41f5-8e72-d4014c3e5062,"Day 1 - Ping sweep from SysClient0201"
a29358c2-508b-4437-9b4c-8fc2344c0082,"Day 1 - Ping sweep from SysClient0201"
7acfe778-6a6b-41ec-bba4-571f1c7b37ad,"Day 1 - Ping sweep from SysClient0201"
a7250bd3-53c8-43d6-845a-85073c10ceba,"Day 1 - Ping sweep from SysClient0201"
373373c6-397f-45bb-b640-7cbda4a704a2,"Day 1 - Ping sweep from SysClient0201"
82d8e479-1bee-4b09-9949-c96bb2e606c6,"Day 1 - Ping sweep from SysClient0201"
b50ddd99-2dc9-4c12-bdee-43994cd5c7f0,"Day 1 - Ping sweep from SysClient0201"
a6afa1ae-7758-4627-9c0a-17680c09848b,"Day 1 - Ping sweep from SysClient0201"
232d1ee8-0de8-4195-82a6-6654f0f860f6,"Day 1 - Ping sweep from SysClient0201"
dce11027-523f-45da-84bb-421b66432c2d,"Day 1 - Ping sweep from SysClient0201"
c0e927cb-2b11-4cfe-bb41-a824b3c3b8c2,"Day 1 - Ping sweep from SysClient0201"
f8ee4fd3-1e5d-442d-a420-8d092d90dc6d,"Day 1 - Ping sweep from SysClient0201"
013bd4cf-d568-4236-b2ed-1446c7168543,"Day 1 - Ping sweep from SysClient0201"
aa2a4a26-a4ac-4258-81f3-9e5ea4da7dc4,"Day 1 - Ping sweep from SysClient0201"
7067e574-8378-4e61-884f-49b76a48296a,"Day 1 - Ping sweep from SysClient0201"
ab7d3476-2611-443e-8d06-20d2e0f4574d,"Day 1 - Ping sweep from SysClient0201"
abdee84e-1b14-44f5-84ff-8974554749c3,"Day 1 - Ping sweep from SysClient0201"
6897dd2e-0786-4a6a-9fef-4357e80f0003,"Day 1 - Ping sweep from SysClient0201"
f1be6f71-ffeb-44ae-8f17-cd575ca94e3b,"Day 1 - Ping sweep from SysClient0201"
cb2505f3-be5b-48ca-96eb-5cd707acef04,"Day 1 - Ping sweep from SysClient0201"
cb803e7e-a034-42f0-b4a2-75648d11989d,"Day 1 - Ping sweep from SysClient0201"
db4a86f4-5c72-46da-91c1-4cf97e70b9af,"Day 1 - Ping sweep from SysClient0201"
71dc45fe-14f3-4c62-ab8b-dd634417f488,"Day 1 - Ping sweep from SysClient0201"
9e1c4e90-abc1-4f5a-9a33-e831e3ff9c15,"Day 1 - Ping sweep from SysClient0201"
7f0841f2-f9ed-46c1-9d5a-008a3db552b4,"Day 1 - Ping sweep from SysClient0201"
2e77f39e-464c-4cbc-8779-380f5c80739f,"Day 1 - Ping sweep from SysClient0201"
9bcea60a-d719-499e-aac1-710860b10ca1,"Day 1 - SysClient0201 -> SysClient0402 (invoke_wmi)"
af9c662b-4a8d-4fff-899c-943da47e89a0,"Day 1 - SysClient0201 -> SysClient0402 (invoke_wmi)"
c8b5713a-82ad-4442-bc59-b9e126a075f8,"Day 1 - SysClient0201 -> SysClient0402 (invoke_wmi)"
1955f292-c43a-419d-90fb-886f15293e64,"Day 1 - SysClient0201 -> SysClient0402 (invoke_wmi)"
119fd18a-be31-4098-ac5a-b166c615ff17,"Day 1 - SysClient0201 -> SysClient0402 (invoke_wmi)"
17d986a4-d213-4edc-8bfa-da08255df3f7,"Day 1 - Ping sweep from SysClient0402"
b475d235-f7f9-4c05-b105-b220156271d0,"Day 1 - Ping sweep from SysClient0402"
d6a5b9e2-e327-4124-9ae4-0d364aa126ca,"Day 1 - Ping sweep from SysClient0402"
d9afda52-6dba-4214-9e3e-6b2114b420f3,"Day 1 - Ping sweep from SysClient0402"
5cf37f9f-8b90-40ca-a020-4ae7dbb1bdb2,"Day 1 - Ping sweep from SysClient0402"
4bbb5f75-0e02-4160-ab76-ff892d7d2d11,"Day 1 - Ping sweep from SysClient0402"
46b18c2b-99f7-4553-a59e-cd4097aac0e3,"Day 1 - Ping sweep from SysClient0402"
8e3f8218-e6a0-43b5-ad80-9db31fabd09a,"Day 1 - Ping sweep from SysClient0402"
325c3437-0506-4ebd-872e-309ec619b425,"Day 1 - Ping sweep from SysClient0402"
838cc96f-7719-4d63-b4d7-2ac5fce06c6f,"Day 1 - Ping sweep from SysClient0402"
b480c94c-6b66-472d-ae38-7288022658af,"Day 1 - Ping sweep from SysClient0402"
c72fa08f-0ea3-4ff1-a038-44c0107e3018,"Day 1 - Ping sweep from SysClient0402"
1d1a4fda-3cde-4f67-8dd3-ea9395c0654d,"Day 1 - Ping sweep from SysClient0402"
66226e1f-5c0e-48f4-88e0-279b39f2b1d4,"Day 1 - Ping sweep from SysClient0402"
24d6fe1d-010a-4eea-8c7a-b3de4afdf41b,"Day 1 - Ping sweep from SysClient0402"
70c3d153-b125-4504-9221-a7b48dd104b9,"Day 1 - Ping sweep from SysClient0402"
7c3d19d7-299c-4691-9dbd-ddd7ceecf8af,"Day 1 - Ping sweep from SysClient0402"
4064dfd3-7eaf-4cbc-bae8-f16fe5581604,"Day 1 - Ping sweep from SysClient0402"
702e3869-2d8f-4b59-8780-87f178b97d2a,"Day 1 - Ping sweep from SysClient0402"
5cd111af-8f9a-438f-99d3-73b7439a11a4,"Day 1 - Ping sweep from SysClient0402"
d3836367-8b5b-4094-8052-2dc5705132c4,"Day 1 - Ping sweep from SysClient0402"
0e08e457-e9af-4a15-a22d-c846692bcf39,"Day 1 - Ping sweep from SysClient0402"
73bd691a-a4a1-425f-a999-c67bc5dc934f,"Day 1 - Ping sweep from SysClient0402"
c816c636-bd36-426f-8353-724a4c50eb9b,"Day 1 - Ping sweep from SysClient0402"
182ab416-889e-448f-bead-fc0dd13aa5f7,"Day 1 - Ping sweep from SysClient0402"
bd72b8c7-3531-4890-b4b1-847fc8dbe77b,"Day 1 - Ping sweep from SysClient0402"
4027b28b-4fc4-43a9-8b9d-5e4cca4b0cf0,"Day 1 - Ping sweep from SysClient0402"
f4947ca9-7e53-465e-86ee-4e85c888cc42,"Day 1 - Ping sweep from SysClient0402"
4d7eff63-e4ba-4822-b24b-119e08df816c,"Day 1 - Ping sweep from SysClient0402"
5b71179c-d6b9-456f-b1b4-8f4d14d0a886,"Day 1 - Ping sweep from SysClient0402"
93d34719-7b6f-4d90-b2a5-93c3c2f1215e,"Day 1 - Ping sweep from SysClient0402"
0cc03317-3cd8-4f1a-ad4b-5b5ae4827136,"Day 1 - Ping sweep from SysClient0402"
c9b5def8-5d0c-4c40-92bf-ac8a887f5564,"Day 1 - Ping sweep from SysClient0402"
4a1a832e-8167-419b-8c2e-376abe5d0398,"Day 1 - Ping sweep from SysClient0402"
98610def-ffcd-4c18-b2ad-c6b4a343d96c,"Day 1 - Ping sweep from SysClient0402"
47dbd48a-6905-48dc-a2da-65fd5b330d85,"Day 1 - Ping sweep from SysClient0402"
315e54ec-2063-4ed8-b9ea-d719731c66e6,"Day 1 - Ping sweep from SysClient0402"
705cd912-ccbb-45fd-83ad-7683e3d8ce8c,"Day 1 - Ping sweep from SysClient0402"
e0b498ab-2baa-4b2c-9218-b6b5fef2e61d,"Day 1 - Ping sweep from SysClient0402"
7cbb7de3-f5ca-45d0-8dab-94d93ac63a37,"Day 1 - Ping sweep from SysClient0402"
836a994d-075b-4aca-820b-222c50cae747,"Day 1 - Ping sweep from SysClient0402"
30a1c0e7-54cb-4dde-b2f8-bedbdcaa22db,"Day 1 - Ping sweep from SysClient0402"
191301e8-4a84-4d1b-9808-99b386e9e8c4,"Day 1 - Ping sweep from SysClient0402"
f2b8dab5-c45b-4b83-b218-6289a3623924,"Day 1 - Ping sweep from SysClient0402"
bdb7272a-fbde-4cc1-97d2-a7c162d27d02,"Day 1 - Ping sweep from SysClient0402"
e1001bb9-1f8c-4729-b635-bd06d9ab61c7,"Day 1 - Ping sweep from SysClient0402"
dee4a71a-bab5-4ea6-8b73-f1fcf083521a,"Day 1 - Ping sweep from SysClient0402"
14ca4dea-d274-4bad-beab-bf7b49736555,"Day 1 - Ping sweep from SysClient0402"
cbe71ceb-15e1-4d11-a5b9-02a4884248ef,"Day 1 - Ping sweep from SysClient0402"
f1cd4163-9dc5-4e81-a4bd-5666890c8933,"Day 1 - Ping sweep from SysClient0402"
96746419-7b60-4da7-90a0-11866ad5963b,"Day 1 - Ping sweep from SysClient0402"
e81d2079-8b06-4473-b6aa-5a4cceedf66d,"Day 1 - Ping sweep from SysClient0402"
56f379da-948d-442d-8b35-61e3cf8d8095,"Day 1 - Ping sweep from SysClient0402"
6542fba5-b165-4a55-8b8e-0e61ad2ca1de,"Day 1 - Ping sweep from SysClient0402"
37604e0f-882d-4ba7-9562-df45a7cca6e2,"Day 1 - Ping sweep from SysClient0402"
1d0108c2-d002-46c7-9a37-41eca835ae27,"Day 1 - Ping sweep from SysClient0402"
cacb99c0-4af0-497f-b9fb-725346d676cb,"Day 1 - Ping sweep from SysClient0402"
a8569ba6-a1ea-448d-80de-d6060c240dd4,"Day 1 - Ping sweep from SysClient0402"
aedf76db-d03a-47b3-a0da-0c9d098ab97f,"Day 1 - Ping sweep from SysClient0402"
51c5c370-ede5-4a74-a67e-2976e858a45a,"Day 1 - Ping sweep from SysClient0402"
1869f19b-a523-4158-96ab-9cba9bdb9c3c,"Day 1 - Ping sweep from SysClient0402"
2dcee754-bdcd-4b1a-9793-cde0c471afeb,"Day 1 - Ping sweep from SysClient0402"
513c049c-f55e-42f6-9c9e-56f84dfd2a96,"Day 1 - Ping sweep from SysClient0402"
a54ab185-5522-48ae-8031-76ee338c1ed0,"Day 1 - Ping sweep from SysClient0402"
475e3387-e371-436f-9605-cc7554422277,"Day 1 - Ping sweep from SysClient0402"
b358985e-595b-461e-9133-416475466d79,"Day 1 - Ping sweep from SysClient0402"
90bf15e8-191d-4e20-84ad-6544b50591cf,"Day 1 - Ping sweep from SysClient0402"
ce483e27-4cf2-4259-bcbc-5c07d8ff8c82,"Day 1 - Ping sweep from SysClient0402"
91a3582f-238d-433c-909d-39580e70f971,"Day 1 - Ping sweep from SysClient0402"
792c57f8-b76d-4693-845f-1563cea160f2,"Day 1 - Ping sweep from SysClient0402"
debfedce-8732-4570-89ac-7d8c06785a61,"Day 1 - Ping sweep from SysClient0402"
6fd2948d-e38e-43cd-9caf-4d960c08ca15,"Day 1 - Ping sweep from SysClient0402"
e25be701-3039-4eb9-bced-d29a9a79afcc,"Day 1 - Ping sweep from SysClient0402"
1a860cd6-c1be-45a4-bb44-24a91fc0f726,"Day 1 - Ping sweep from SysClient0402"
e7f8d897-0685-4c05-9455-e75ac8c53f8b,"Day 1 - Ping sweep from SysClient0402"
de8700d8-ef84-4314-bde8-b98a9bb184db,"Day 1 - Ping sweep from SysClient0402"
7d43b402-8aa9-4b3b-b448-7657224407ef,"Day 1 - Ping sweep from SysClient0402"
49a38bdc-739a-4d57-bcad-8cffbaa541c2,"Day 1 - Ping sweep from SysClient0402"
e1967063-6fc6-4bc4-9507-361a2cbec60f,"Day 1 - Ping sweep from SysClient0402"
695c37da-b022-461a-b11a-9cecf901893d,"Day 1 - Ping sweep from SysClient0402"
f5b96478-ed55-4c72-a016-f1fd77afce49,"Day 1 - Ping sweep from SysClient0402"
5ca5c5cf-7289-47a6-bacf-191ef9f97304,"Day 1 - Ping sweep from SysClient0402"
a78e1608-b0fb-40ac-be6c-c71aa6fa9c75,"Day 1 - Ping sweep from SysClient0402"
ae5281ef-654b-4430-8d71-6a80c590fab0,"Day 1 - Ping sweep from SysClient0402"
d4c351d6-4299-4de6-8dae-5714f4325889,"Day 1 - Ping sweep from SysClient0402"
b6a47305-fd5d-4307-b082-3e108c895046,"Day 1 - Ping sweep from SysClient0402"
98c3414f-aecb-4595-a9ff-190e5a99f648,"Day 1 - Ping sweep from SysClient0402"
4dfe7da8-76e1-4909-886a-1f100048328d,"Day 1 - Ping sweep from SysClient0402"
6c7aa800-b816-43b9-84c0-97323bf58923,"Day 1 - Ping sweep from SysClient0402"
c209c0c8-2d09-40c6-ae59-0b10cef8a315,"Day 1 - Ping sweep from SysClient0402"
24119c9a-417c-40d5-95cc-578073f6ca4f,"Day 1 - Ping sweep from SysClient0402"
e3e38df1-bb2d-4da4-b28b-493eb68d697f,"Day 1 - Ping sweep from SysClient0402"
1794e3ad-1cd0-4a1b-8b6a-05b53e6b729b,"Day 1 - Ping sweep from SysClient0402"
4e16ebe1-e575-4cfa-bc64-404608a971d6,"Day 1 - Ping sweep from SysClient0402"
f1614cda-f468-49c9-89f4-68b0c6de0b19,"Day 1 - Ping sweep from SysClient0402"
3d8da34d-0e94-402e-9703-a3d17f059d6e,"Day 1 - Ping sweep from SysClient0402"
3762dcb5-32f4-4eb3-ae43-2d921959ba0f,"Day 1 - Ping sweep from SysClient0402"
43d75707-7e65-4f1d-a25b-f8028d460ff6,"Day 1 - Ping sweep from SysClient0402"
246e1472-3b39-48c5-a929-38a2bac32531,"Day 1 - Ping sweep from SysClient0402"
d537673d-106c-4284-b2d3-91870443aa1e,"Day 1 - Ping sweep from SysClient0402"
4a165c72-44cb-4f6c-b0fa-96d5c8feac4e,"Day 1 - Ping sweep from SysClient0402"
88dfc53c-d5f3-4943-a291-ab2c4f60cd78,"Day 1 - Ping sweep from SysClient0402"
ef3f2bfd-e419-4fa2-b5d0-7f468ba87a0e,"Day 1 - Ping sweep from SysClient0402"
63a71540-dfd0-4a02-b2a0-ec4dffe48fd8,"Day 1 - Ping sweep from SysClient0402"
b6108a7d-5b87-466e-a241-1a1bf8b7779a,"Day 1 - Ping sweep from SysClient0402"
f7896571-0019-4d0d-84c4-6b6d839a1bf5,"Day 1 - Ping sweep from SysClient0402"
bf5a3b25-4d52-4415-84a9-768d96368edb,"Day 1 - Ping sweep from SysClient0402"
ac66b679-e6d0-4179-b0bc-ccd4e131ed0b,"Day 1 - Ping sweep from SysClient0402"
dbf7a041-8a6a-4138-999e-7a9b6304056f,"Day 1 - Ping sweep from SysClient0402"
4375c265-fa8e-46d6-9d2d-b7cdeb287237,"Day 1 - Ping sweep from SysClient0402"
e3a580b5-57f2-4752-854d-a2f0ba284951,"Day 1 - Ping sweep from SysClient0402"
5d727d05-f79a-4f8a-a94f-2d617ec6826e,"Day 1 - Ping sweep from SysClient0402"
0220e50f-0f6f-4cfc-bbd3-58ca2d852523,"Day 1 - Ping sweep from SysClient0402"
98cdd087-08b3-4166-b6d1-283ffa9e77da,"Day 1 - Ping sweep from SysClient0402"
63f03b53-7a78-49fd-9320-9c84a3aff1dd,"Day 1 - Ping sweep from SysClient0402"
89b341ca-79e0-4b52-ab09-a9ce8b0b8d2b,"Day 1 - Ping sweep from SysClient0402"
00011579-448b-453a-817a-ba5367f6da74,"Day 1 - Ping sweep from SysClient0402"
7f7e6d50-f26a-48e9-bd58-6056ca2d6d16,"Day 1 - Ping sweep from SysClient0402"
254fd38b-8f4d-4a8f-8116-c3230790e89e,"Day 1 - Ping sweep from SysClient0402"
c44e6975-6c84-49e3-a787-01a14949f472,"Day 1 - Ping sweep from SysClient0402"
7cf9c95d-b458-416f-8a54-127a71ad2f43,"Day 1 - Ping sweep from SysClient0402"
5135a727-39f4-401a-854d-61dfa237327d,"Day 1 - Ping sweep from SysClient0402"
2fec9459-7d85-46b9-8735-4372baed0a01,"Day 1 - Ping sweep from SysClient0402"
d392f2a3-a6ba-435d-8ac9-518e3173f888,"Day 1 - Ping sweep from SysClient0402"
05aeefd1-0a7a-4dbd-862e-671e5091cbd8,"Day 1 - Ping sweep from SysClient0402"
697d5c17-7952-4ef2-870f-627620e7c8ad,"Day 1 - Ping sweep from SysClient0402"
7af2fa18-ce00-4e58-980a-114442160c96,"Day 1 - Ping sweep from SysClient0402"
28c8e8fa-2f91-411f-af67-33faca107d5c,"Day 1 - Ping sweep from SysClient0402"
5dca3550-2094-4de3-a979-00dc3dcb7b62,"Day 1 - Ping sweep from SysClient0402"
5dda0959-98e6-4348-95f0-3d644a234465,"Day 1 - Ping sweep from SysClient0402"
fcb102e6-abfb-41d7-ba8d-1850a5afee33,"Day 1 - Ping sweep from SysClient0402"
c51b0409-5bf4-4172-add8-121c48fbe8ad,"Day 1 - Ping sweep from SysClient0402"
869d420a-862b-4bdd-9f10-d6cb4a604c23,"Day 1 - Ping sweep from SysClient0402"
4f28ead2-1ed4-45b0-a5e6-b4af44c09280,"Day 1 - Ping sweep from SysClient0402"
4f4bab57-cd1c-43bc-9cda-dc42be1b8832,"Day 1 - Ping sweep from SysClient0402"
eca6a867-0534-41de-b61b-5cfd33c7c185,"Day 1 - Ping sweep from SysClient0402"
e293384f-8283-4d5a-a303-104b118fe6cc,"Day 1 - Ping sweep from SysClient0402"
828b2edd-dc39-4454-91b9-018b40b98f19,"Day 1 - Ping sweep from SysClient0402"
7c358bbb-956a-40e3-8236-0195c488cbf0,"Day 1 - Ping sweep from SysClient0402"
16d68b25-eb61-4fb2-90ae-680e689e91d2,"Day 1 - Ping sweep from SysClient0402"
0febac07-45f4-4704-a74e-9998807b9c33,"Day 1 - Ping sweep from SysClient0402"
ddc4e75d-2995-41aa-ad82-3c3259071a54,"Day 1 - Ping sweep from SysClient0402"
9db1b7b0-4f37-4db6-9046-ee3880681d6c,"Day 1 - Ping sweep from SysClient0402"
7d3e1766-4539-4c22-9927-9717f8108d50,"Day 1 - Ping sweep from SysClient0402"
d7ce53d3-429f-4ec5-b184-8bf3638838a6,"Day 1 - Ping sweep from SysClient0402"
98060189-6e40-419f-a759-4b31066ac235,"Day 1 - Ping sweep from SysClient0402"
0fd02b1e-3263-4f1d-91e3-5624a926e704,"Day 1 - Ping sweep from SysClient0402"
cab59756-3649-4353-a7e7-1746c9ff7475,"Day 1 - Ping sweep from SysClient0402"
b07aa3c9-3211-4641-9181-b27ec4ab9116,"Day 1 - Ping sweep from SysClient0402"
1ba113eb-1053-46ff-83bd-09f0325a67f2,"Day 1 - Ping sweep from SysClient0402"
a8232280-f62f-4f01-859b-06d878c5590d,"Day 1 - Ping sweep from SysClient0402"
370909e0-f998-47b6-987d-111b62613087,"Day 1 - Ping sweep from SysClient0402"
a7eb41e7-1591-4210-9271-5f30317e33e2,"Day 1 - Ping sweep from SysClient0402"
10166558-d981-4af8-8aff-d058f6b49d41,"Day 1 - Ping sweep from SysClient0402"
c7fddd75-403d-4506-9a51-3360493d3f52,"Day 1 - Ping sweep from SysClient0402"
bbdc8900-5695-4623-a801-06fe40cba7fc,"Day 1 - Ping sweep from SysClient0402"
ba7336ec-eeed-4d3f-946a-aba087ea4aae,"Day 1 - Ping sweep from SysClient0402"
deaf71dc-4146-465e-b9d0-6e460c1c5f2b,"Day 1 - Ping sweep from SysClient0402"
5be86d83-15aa-4913-812c-3d17582663a3,"Day 1 - Ping sweep from SysClient0402"
afc7c7e4-328f-4799-b90d-4959136cf5d2,"Day 1 - Ping sweep from SysClient0402"
b473f438-ecce-4f51-8a53-22896ef0273e,"Day 1 - Ping sweep from SysClient0402"
3e6433f2-cc76-4002-a791-56732b48fa16,"Day 1 - Ping sweep from SysClient0402"
ac315c79-2701-4a90-9b03-703fa6c1ead1,"Day 1 - Ping sweep from SysClient0402"
f9ee3785-9f91-4c05-88c6-9a0d1695194e,"Day 1 - Ping sweep from SysClient0402"
72038868-0d2d-41f9-9efc-e1ef0f228d74,"Day 1 - Ping sweep from SysClient0402"
f8a6a70f-a8a3-4619-b88d-d68575e530d8,"Day 1 - Ping sweep from SysClient0402"
5d6233e8-c640-4746-9afd-8e38ecac3f22,"Day 1 - Ping sweep from SysClient0402"
8200724a-7f46-4119-a2f4-9f6ada434fd7,"Day 1 - Ping sweep from SysClient0402"
72a2bdfd-aa19-498e-819e-673f612b9343,"Day 1 - Ping sweep from SysClient0402"
58809783-2a26-493f-adf1-599ef4da9cf6,"Day 1 - Ping sweep from SysClient0402"
50eff515-5cf3-4256-ab49-35b32ecbd989,"Day 1 - Ping sweep from SysClient0402"
023118d6-81a1-4f2f-937e-d9c58681e29a,"Day 1 - Ping sweep from SysClient0402"
9d3e09e4-2a79-4c91-bd5d-8571e8412adf,"Day 1 - Ping sweep from SysClient0402"
9cb4841d-b195-4451-a98a-7e3da138477f,"Day 1 - Ping sweep from SysClient0402"
d7266eb4-825d-4924-b1bf-ae31ad7c4270,"Day 1 - Ping sweep from SysClient0402"
74ede8d0-edad-4952-a1bd-c1c982988933,"Day 1 - Ping sweep from SysClient0402"
5570a535-4dfe-4924-8f56-0dcf19b88fdd,"Day 1 - Ping sweep from SysClient0402"
85697110-ab4c-40c0-925d-4ca6bdef0daf,"Day 1 - Ping sweep from SysClient0402"
22a96978-2030-45d2-ad39-47cc7093aae9,"Day 1 - Ping sweep from SysClient0402"
46dde4b1-822c-4c93-9827-0d219c28d612,"Day 1 - Ping sweep from SysClient0402"
75dae307-4a81-49f6-9ddb-3ecca2c7effd,"Day 1 - Ping sweep from SysClient0402"
786c39ea-46f2-410e-8311-5f0dcec84907,"Day 1 - Ping sweep from SysClient0402"
746122f2-77b9-49e8-80fc-05b716cb044d,"Day 1 - Ping sweep from SysClient0402"
449a5153-3ed9-446a-8f5b-e7789dc8c2ad,"Day 1 - Ping sweep from SysClient0402"
02724188-1713-4846-aa6b-814fbe13c85a,"Day 1 - Ping sweep from SysClient0402"
fe6d3af5-cdf7-47ee-9246-dbdea889d972,"Day 1 - Ping sweep from SysClient0402"
4207406c-99b2-4fce-b570-5f20465ed342,"Day 1 - Ping sweep from SysClient0402"
e3c74bcf-ddf3-4891-a56d-94ec3d866b98,"Day 1 - Ping sweep from SysClient0402"
4fd69a39-7db1-449b-a73f-c7ca1daf9df4,"Day 1 - Ping sweep from SysClient0402"
8fcb7036-3acd-4427-bd59-64653471af19,"Day 1 - Ping sweep from SysClient0402"
85136256-8fca-4d9e-a46d-b14479a18631,"Day 1 - Ping sweep from SysClient0402"
998d59a0-fdf8-4c56-8cb4-ec3511efb925,"Day 1 - Ping sweep from SysClient0402"
1edac70b-f562-4046-9098-04b2a46b9367,"Day 1 - Ping sweep from SysClient0402"
0aebdcd6-a239-47c9-9212-56a4e62aa282,"Day 1 - Ping sweep from SysClient0402"
82250b69-32ec-491a-bd62-1df56a9e00a4,"Day 1 - Ping sweep from SysClient0402"
762c1c38-ea66-481b-ac84-157b4159f54c,"Day 1 - Ping sweep from SysClient0402"
6a69cd7c-a6a0-4abd-be4f-f560a82e62de,"Day 1 - Ping sweep from SysClient0402"
945bc230-d82f-468c-b3e9-8b4422561155,"Day 1 - Ping sweep from SysClient0402"
eefd037e-398b-4df8-ac14-b12ecc0346a5,"Day 1 - Ping sweep from SysClient0402"
fb258557-5dbf-44d5-a422-e61b7baf7a2f,"Day 1 - Ping sweep from SysClient0402"
466a55cd-abff-4810-8d96-c13be646f12b,"Day 1 - Ping sweep from SysClient0402"
c14ec416-5fb1-44ab-93a6-a474e1ee9bdf,"Day 1 - Ping sweep from SysClient0402"
adc1e3cb-d763-4454-9833-29a4eb6c2f90,"Day 1 - Ping sweep from SysClient0402"
b5c28437-cfae-4579-859a-6a0bd73990bd,"Day 1 - Ping sweep from SysClient0402"
b2dbe3ab-5c5a-4c97-9c49-693822e6a622,"Day 1 - Ping sweep from SysClient0402"
ad97514a-2acf-4324-9300-ea66b8a0aa48,"Day 1 - Ping sweep from SysClient0402"
8e8af873-cd26-49f9-8aee-6df86a25e297,"Day 1 - Ping sweep from SysClient0402"
c3cb61fc-4aa9-484f-ab0e-c1fc622d92de,"Day 1 - Ping sweep from SysClient0402"
975a9531-dcdd-480d-813e-085b78cb95fb,"Day 1 - Ping sweep from SysClient0402"
38d40210-174c-43de-99b5-66804772b474,"Day 1 - Ping sweep from SysClient0402"
1a0cbe03-9d59-4396-ac2a-a8ec3211418f,"Day 1 - Ping sweep from SysClient0402"
b47c4d27-af5e-4a2e-8af5-eb0c3ad29da5,"Day 1 - Ping sweep from SysClient0402"
33f19855-90f4-45c3-a24b-501cdec468b5,"Day 1 - Ping sweep from SysClient0402"
0c2ade42-a9a2-45b8-a1c6-f080a4269f83,"Day 1 - Ping sweep from SysClient0402"
88872aab-7748-43e6-9245-76b0f0796693,"Day 1 - Ping sweep from SysClient0402"
80d36650-ca8c-4803-81d8-090d811ab63f,"Day 1 - Ping sweep from SysClient0402"
a584ae3c-3e80-480b-b21f-01376f60cc4b,"Day 1 - Ping sweep from SysClient0402"
1b8d877a-9872-40b6-8ed9-207178578d47,"Day 1 - Ping sweep from SysClient0402"
95800090-86aa-47b0-94e4-d1b2acfa20b3,"Day 1 - Ping sweep from SysClient0402"
ec87dc19-9468-4a45-a2fa-38f8595e1a31,"Day 1 - Ping sweep from SysClient0402"
5b2c6d11-0b9c-44ff-9087-111bbd09b155,"Day 1 - Ping sweep from SysClient0402"
86313b8f-d1c1-4196-b823-4cba29dfdf5d,"Day 1 - Ping sweep from SysClient0402"
40a776bb-a960-4083-afa1-d9cb7a1e2e13,"Day 1 - Ping sweep from SysClient0402"
982ee4ea-f748-4060-ad7b-d00b7e7e6e82,"Day 1 - Ping sweep from SysClient0402"
a4e1fa37-ffd4-4add-8e93-d434465e0b26,"Day 1 - Ping sweep from SysClient0402"
076279c9-026a-4222-b3ac-e0bc926af34a,"Day 1 - Ping sweep from SysClient0402"
e42a07f2-b63f-43c1-8195-98b47d03d681,"Day 1 - Ping sweep from SysClient0402"
b9ec1a8e-2844-4486-840b-7923cd53164d,"Day 1 - Ping sweep from SysClient0402"
f56f0f79-d545-4ffa-81ff-f2a43ffe8986,"Day 1 - Ping sweep from SysClient0402"
3b1bb58d-ddd5-45a4-98c7-03807b354340,"Day 1 - Ping sweep from SysClient0402"
4328b933-6394-4920-99f7-b8586bc0dbfe,"Day 1 - Ping sweep from SysClient0402"
b7fdca44-bc89-4d74-b028-d248d6738760,"Day 1 - Ping sweep from SysClient0402"
66e60aef-2bfa-4d41-92a6-3d99b168135a,"Day 1 - Ping sweep from SysClient0402"
1debc9db-7e29-4337-b617-cf509cc8be6d,"Day 1 - Ping sweep from SysClient0402"
6a45ad1e-e442-4fc9-a68e-e7f26b1e8959,"Day 1 - Ping sweep from SysClient0402"
d9d3d174-a7d9-4aa0-bd67-cd2bfe7b9cd7,"Day 1 - Ping sweep from SysClient0402"
49e2605d-b796-4159-8169-47e68475e6c3,"Day 1 - Ping sweep from SysClient0402"
2c370bd6-230c-4db4-94ce-643940d01053,"Day 1 - Ping sweep from SysClient0402"
25d19087-df55-499e-a53a-e5c2ffe1b3af,"Day 1 - Ping sweep from SysClient0402"
6487f32f-da77-4f01-b2d1-97404cf47e91,"Day 1 - Ping sweep from SysClient0402"
14423cae-70d2-44af-9cf6-29dc25ce9083,"Day 1 - Ping sweep from SysClient0402"
402fa1ed-3cd9-4569-b732-2b94e31b8732,"Day 1 - Ping sweep from SysClient0402"
cb122ce7-b7d9-4e78-8cb9-18c376177ef5,"Day 1 - Ping sweep from SysClient0402"
c900f51a-c592-496e-a143-3518e22bde76,"Day 1 - Ping sweep from SysClient0402"
75c3772d-39fb-43e9-9cd2-5b9559866fa5,"Day 1 - Ping sweep from SysClient0402"
20100d07-4a92-4027-aa39-71ca770877e7,"Day 1 - Ping sweep from SysClient0402"
4d6de1ca-2fa2-4259-8d04-a4a81f87d3bf,"Day 1 - Ping sweep from SysClient0402"
fb601e24-5127-45b1-b260-0a25e7c1da26,"Day 1 - Ping sweep from SysClient0402"
d7d3ca46-8051-443b-9db8-c7e22f9959d6,"Day 1 - Ping sweep from SysClient0402"
bdd6235c-b1cd-4fa7-ab83-353062e246c5,"Day 1 - Ping sweep from SysClient0402"
1edca594-470e-4fd8-81ee-7361758b1ad8,"Day 1 - Ping sweep from SysClient0402"
29e75389-c663-4d0e-8988-c7aa923ba769,"Day 1 - Ping sweep from SysClient0402"
06fee0ae-2d81-47e3-a896-950b0f26fdfd,"Day 1 - Ping sweep from SysClient0402"
695b0e25-e0a3-4013-8eb0-07cbf7c16fbf,"Day 1 - Ping sweep from SysClient0402"
bb57912b-2d65-46bb-88a9-10735db0918b,"Day 1 - Ping sweep from SysClient0402"
b15d77fd-9ae1-4391-982f-ae76a5da1615,"Day 1 - Ping sweep from SysClient0402"
2ec7f656-b6fc-4f69-bd7e-b406e9a74845,"Day 1 - Ping sweep from SysClient0402"
a3406830-d586-4fed-b43c-c282db884baf,"Day 1 - Ping sweep from SysClient0402"
78acf6c8-9941-41c1-97c1-e113a29d159d,"Day 1 - Ping sweep from SysClient0402"
efe42ae9-62a3-4f1f-98ea-f53ab4291d74,"Day 1 - Ping sweep from SysClient0402"
c236483f-312d-4655-aa63-76fddc6e56c0,"Day 1 - Ping sweep from SysClient0402"
1745ba5a-62a6-4a56-8f39-fe2985fe74e3,"Day 1 - Ping sweep from SysClient0402"
c8e00d76-fc25-44af-a811-c972930bf0a4,"Day 1 - Ping sweep from SysClient0402"
f9299f92-555e-4ad6-b62b-a2a17c00181c,"Day 1 - Ping sweep from SysClient0402"
030668bb-fdcd-494f-ae08-3cebacc33286,"Day 1 - Ping sweep from SysClient0402"
0a5d0157-d3fa-44a5-8a84-d3dafa71426d,"Day 1 - Ping sweep from SysClient0402"
2eacff5e-13f2-4309-acc6-6b75e683343f,"Day 1 - Ping sweep from SysClient0402"
bd4ab222-5a2e-43c4-9a2c-a3285a71f013,"Day 1 - Ping sweep from SysClient0402"
42adbecb-5928-4a6a-b5a0-6d031e0852e0,"Day 1 - Ping sweep from SysClient0402"
6c833c10-f9b0-45b8-ae91-091e8fee19cd,"Day 1 - Ping sweep from SysClient0402"
6efb547d-d4cb-4605-93ff-4a47e87f5c11,"Day 1 - Ping sweep from SysClient0402"
cd0881a9-3f2a-470d-b0c5-e48d6229e5b2,"Day 1 - Ping sweep from SysClient0402"
2c977d9f-a6b7-4aff-9be0-1ce9350a16bf,"Day 1 - Ping sweep from SysClient0402"
ebcab8c1-20dc-4bc0-a379-b1e301661055,"Day 1 - Ping sweep from SysClient0402"
ceccb024-b1ff-4f05-8b02-3f243c8bc5ca,"Day 1 - Ping sweep from SysClient0402"
298d3781-c52f-4f4b-9b72-e5421e585b3b,"Day 1 - Ping sweep from SysClient0402"
4c478547-fbcc-4b5c-a8cb-97ad5bc6efd7,"Day 1 - Ping sweep from SysClient0402"
8233ed93-a98d-44e2-b4e9-300b4dce4e8a,"Day 1 - Ping sweep from SysClient0402"
620a2a5a-6488-4104-9444-9747c80e66bd,"Day 1 - Ping sweep from SysClient0402"
b6d3de35-9c5a-41f1-bd08-4f22adb62525,"Day 1 - Ping sweep from SysClient0402"
5ccaaf57-4fe2-4e70-85b0-5514deb4d6f8,"Day 1 - SysClient0402 -> SysClient0660 (invoke_wmi)"
b53a484b-7156-49ba-88d5-e24677e863d6,"Day 1 - SysClient0402 -> SysClient0660 (invoke_wmi)"
3f1b2c0d-3c12-41c3-b9d3-3cd3ebbf5754,"Day 1 - SysClient0402 -> SysClient0660 (invoke_wmi)"
aa39bda7-b6db-4a65-a4dc-231d2a242a8c,"Day 1 - SysClient0660 -> DC1 (invoke_wmi)"
0b18d4f6-c285-481f-92d0-00166d85d3c1,"Day 1 - SysClient0660 -> DC1 (invoke_wmi)"
d75be259-7e90-4abf-8537-a6b861c4e698,"Day 1 - SysClient0660 -> DC1 (invoke_wmi)"
92201d92-01ff-4e5b-8863-b0e8f4309dfa,"Day 1 - SysClient0660 -> DC1 (invoke_wmi)"
c03a647d-9eec-4dfc-9d08-930c73e0c5f3,"Day 1 - DC1 -> multiple targets (invoke_wmi)"
045894e5-95d5-4b8c-bedc-17714de0b9ee,"Day 1 - DC1 -> multiple targets (invoke_wmi)"
ac1bd1da-50c5-42b2-a15c-64afaff689be,"Day 1 - DC1 -> multiple targets (invoke_wmi)"
61f86d25-7a28-4a3b-b8b2-30f0a778bbe6,"Day 1 - DC1 -> multiple targets (invoke_wmi)"
6a80c95e-07ba-49ff-a755-5ff8011728bd,"Day 1 - DC1 -> multiple targets (invoke_wmi)"
d4e468f2-67bb-42b7-be7a-11e3b2b86001,"Day 1 - DC1 -> multiple targets (invoke_wmi)"
72db7edc-69df-4cc6-92db-ca4d4d60d5f4,"Day 1 - DC1 -> multiple targets (invoke_wmi)"
cced8b79-b963-4abc-b60e-bed770c71d5f,"Day 1 - DC1 -> multiple targets (invoke_wmi)"
b9b5dedc-98dd-40e8-840a-054c54c5b65e,"Day 1 - DC1 -> multiple targets (invoke_wmi)"
c9ed7b35-4d13-47a6-bca1-35e1284f4db5,"Day 1 - DC1 -> multiple targets (invoke_wmi)"
a728382f-55e1-4fdd-a5fa-eb26dee49340,"Day 1 - DC1 -> multiple targets (invoke_wmi)"
a4081a46-c544-4aa2-94e5-cf767c03024b,"Day 1 - DC1 -> multiple targets (invoke_wmi)"
d78a5561-57ef-45a8-861c-facde0b14151,"Day 1 - DC1 -> multiple targets (invoke_wmi)"
d2f362a0-d6fa-4bfd-8256-92ca00c812ff,"Day 1 - DC1 -> multiple targets (invoke_wmi)"
17c0272f-a5ed-447a-9a61-8546ad71a95e,"Day 1 - DC1 -> multiple targets (invoke_wmi)"
07d28aed-9091-466e-afcc-23b0cf868c28,"Day 1 - DC1 -> multiple targets (invoke_wmi)"
b31c9fa3-0964-49ac-9683-a4a80b5437d2,"Day 1 - DC1 -> multiple targets (invoke_wmi)"
747025ce-a0fe-4f41-be09-783f2aa02403,"Day 1 - DC1 -> multiple targets (invoke_wmi)"
2e7a56bc-4087-4787-9bfd-4971a57fc9fa,"Day 1 - DC1 -> multiple targets (invoke_wmi)"
2f5a24c6-3fb0-4659-8c73-65b9e859cd88,"Day 1 - DC1 -> multiple targets (invoke_wmi)"
214ab818-1930-411c-9df2-25b2a7f7af3f,"Day 1 - DC1 -> multiple targets (invoke_wmi)"
918dd426-0c24-41a4-a6e6-d47963a490f1,"Day 1 - DC1 -> multiple targets (invoke_wmi)"
77c51ba6-ff2d-449d-b175-aebb8ae74e05,"Day 1 - DC1 -> multiple targets (invoke_wmi)"
80290086-d848-4fcc-9606-bb2f2c9515b7,"Day 1 - DC1 -> multiple targets (invoke_wmi)"
65dfb547-9425-44cc-8ef5-fbaf8a52abaf,"Day 1 - DC1 -> multiple targets (invoke_wmi)"
1ea35bc0-a54c-4fe0-8892-1709a39a7e08,"Day 1 - DC1 -> multiple targets (invoke_wmi)"
ce920605-c011-4a59-ba2c-ea688c114b9f,"Day 1 - DC1 -> multiple targets (invoke_wmi)"
2d2b3e9a-d4a1-4cdd-a4d3-4f9224dacc33,"Day 1 - DC1 -> multiple targets (invoke_wmi)"
238f3222-de8c-4c29-9792-8d1b4323f794,"Day 1 - DC1 -> multiple targets (invoke_wmi)"
2fea7554-bb9f-470b-a181-6e6c5e1ce0ff,"Day 1 - DC1 -> multiple targets (invoke_wmi)"
acf8b3f0-e76b-4132-9cba-21a729c20937,"Day 1 - DC1 -> multiple targets (invoke_wmi)"
6aaf1241-af47-4544-bbf3-d4fcf7388f64,"Day 1 - DC1 -> multiple targets (invoke_wmi)"
e3e0169d-2cce-450e-b730-fba69d5b23ce,"Day 1 - DC1 -> multiple targets (invoke_wmi)"
78e6fd11-17bd-4eb3-acde-dfd0ccfb16e8,"Day 1 - DC1 -> multiple targets (invoke_wmi)"
4dc633b7-3097-49b7-82ba-c32b7f7a3057,"Day 1 - DC1 -> multiple targets (invoke_wmi)"
6d2c669a-1c71-4783-a945-8c808e2d79d3,"Day 1 - DC1 -> multiple targets (invoke_wmi)"
1121b55a-928c-491a-9fa4-4277e83a6381,"Day 1 - DC1 -> multiple targets (invoke_wmi)"
b4909cd6-c584-4fd8-89b9-092ae7978b72,"Day 1 - DC1 -> multiple targets (invoke_wmi)"
c3c6c1d6-8dc0-45bd-b06a-d032eeb78f76,"Day 1 - DC1 -> multiple targets (invoke_wmi)"
f4211fa8-3d73-4f54-8446-532a581a9333,"Day 1 - DC1 -> multiple targets (invoke_wmi)"
db76284b-fc92-429d-9ac7-27498a790c72,"Day 1 - DC1 -> multiple targets (invoke_wmi)"
8c15749c-53ae-491b-9ad2-dab42996b513,"Day 1 - DC1 -> multiple targets (invoke_wmi)"
9e410199-c9a2-4310-a0b9-fdbba2c4ed75,"Day 1 - DC1 -> multiple targets (invoke_wmi)"
08b58132-ee59-4098-ad5a-96a855d005af,"Day 1 - DC1 -> multiple targets (invoke_wmi)"
9892ba23-1cf2-45c5-840b-0ea11c264cba,"Day 1 - DC1 -> multiple targets (invoke_wmi)"
922c6619-1735-4a77-b359-9d11b3eb7b9e,"Day 1 - DC1 -> multiple targets (invoke_wmi)"
5a5e32ab-8d03-4a6f-b8d0-216a528fe4b4,"Day 1 - DC1 -> multiple targets (invoke_wmi)"
ef5ff04d-5075-4403-820b-ae12199dc7e9,"Day 1 - DC1 -> multiple targets (invoke_wmi)"
7250f042-a69f-44a1-91ab-cdd838700493,"Day 1 - DC1 -> multiple targets (invoke_wmi)"
0d6b566f-45a1-4b1a-868f-a06a957e335d,"Day 1 - DC1 -> multiple targets (invoke_wmi)"
6e8813ae-e174-465a-b84d-a0fe3b38d8c4,"Day 1 - DC1 -> multiple targets (invoke_wmi)"
74d29bbd-6047-4440-981e-a02ad2e9546f,"Day 1 - DC1 -> multiple targets (invoke_wmi)"
3841c871-8bdb-46ea-8e3a-d32e67c413f9,"Day 1 - DC1 -> multiple targets (invoke_wmi)"
0fc627f7-35dd-4b66-92f0-4a2237e1c11d,"Day 1 - DC1 -> multiple targets (invoke_wmi)"
f3d89901-7982-4d5c-9cb6-1f4f7ad564e3,"Day 1 - DC1 -> multiple targets (invoke_wmi)"
777e532a-755a-42a6-a65c-65c4d5a9f8a6,"Day 1 - DC1 -> multiple targets (invoke_wmi)"
a95af023-2814-4324-9161-ee3a66a1a1ce,"Day 1 - DC1 -> multiple targets (invoke_wmi)"
bd5b26db-dcfb-4b04-8063-0f9c8bf1c380,"Day 1 - DC1 -> multiple targets (invoke_wmi)"
7c5efe24-9fa3-45bb-b8bb-16aa8bed1173,"Day 1 - DC1 -> multiple targets (invoke_wmi)"
9ca4f791-b106-47ab-81dc-f9d1d5116d7f,"Day 1 - DC1 -> multiple targets (invoke_wmi)"
91767dc4-085f-4363-922f-f651a930ff37,"Day 1 - DC1 -> multiple targets (invoke_wmi)"
ad1d7c93-f87f-49f9-a217-20c1bb0e0bce,"Day 1 - DC1 -> multiple targets (invoke_wmi)"
f724c6cd-44c7-4977-a141-238092206f8b,"Day 1 - DC1 -> multiple targets (invoke_wmi)"
20f851c5-d641-42ae-9cbe-76c7fc288d8d,"Day 1 - DC1 -> multiple targets (invoke_wmi)"
3744808f-4eca-4003-b111-0e09ee23bf0b,"Day 1 - DC1 -> multiple targets (invoke_wmi)"
a87c144c-72ea-4851-a145-1530207b32b5,"Day 1 - DC1 -> multiple targets (invoke_wmi)"
c59fbcec-d2d8-45c3-ac22-bcce52856987,"Day 1 - DC1 -> multiple targets (invoke_wmi)"
c816e2d3-d0d4-4dfb-b244-bd501ad5fb48,"Day 1 - DC1 -> multiple targets (invoke_wmi)"
a6adf146-5a35-42dc-8000-b4af69b09579,"Day 1 - DC1 -> multiple targets (invoke_wmi)"
a1c7eeca-5783-4216-a719-d4df25881619,"Day 1 - DC1 -> multiple targets (invoke_wmi)"
fcbbf51c-6e32-440c-8de6-5337959ec82b,"Day 1 - DC1 -> multiple targets (invoke_wmi)"
c72d30e5-6046-4309-9bc7-d683b4bed641,"Day 1 - DC1 -> multiple targets (invoke_wmi)"
c7453693-cd03-4164-bb61-bfc1a9804b01,"Day 1 - DC1 -> multiple targets (invoke_wmi)"
fd45081a-0afe-49a2-a750-9ba631492928,"Day 1 - DC1 -> multiple targets (invoke_wmi)"
f6b6449c-fb50-4798-b3e4-47eb36bb44f6,"Day 1 - DC1 -> multiple targets (invoke_wmi)"
86a68c64-3eb0-4a0c-813d-d56f1819b667,"Day 1 - DC1 -> multiple targets (invoke_wmi)"
642cd9be-286b-4155-bb8b-e90a15358ec5,"Day 1 - DC1 -> multiple targets (invoke_wmi)"
368649da-8129-471f-9683-91fe84dd7fd5,"Day 1 - DC1 -> multiple targets (invoke_wmi)"
91e4d482-086e-42c3-a81e-46fa5ceaea41,"Day 1 - DC1 -> multiple targets (invoke_wmi)"
86edebcc-e27c-4598-a22c-9e1d9e2d15e9,"Day 1 - DC1 -> multiple targets (invoke_wmi)"
99a0513d-5b81-44d8-baae-b63a024318e6,"Day 1 - DC1 -> multiple targets (invoke_wmi)"
2febfe50-6d5f-4ff6-b31f-ffddcaf53079,"Day 1 - DC1 -> multiple targets (invoke_wmi)"
d5c835eb-d397-4382-b874-cb8187e74dcc,"Day 1 - DC1 -> multiple targets (invoke_wmi)"
656389f9-7c11-466f-837c-f97ddf00d40c,"Day 1 - DC1 -> multiple targets (invoke_wmi)"
6affafab-6e4c-4186-9cfd-c1a6cfed4f1a,"Day 1 - DC1 -> multiple targets (invoke_wmi)"
684602c9-34a4-4ecf-9310-a3547fcdc67e,"Day 1 - DC1 -> multiple targets (invoke_wmi)"
5fe5d70f-9ab2-480a-a797-70daaf0b7e5a,"Day 1 - DC1 -> multiple targets (invoke_wmi)"
3a6a1f55-9236-4d1a-bcaf-813be719eb61,"Day 1 - DC1 -> multiple targets (invoke_wmi)"
21604087-77a5-482d-95bb-128cf6907ea1,"Day 1 - DC1 -> multiple targets (invoke_wmi)"
ebcb031a-644b-49f7-8bbd-fb22594cb42a,"Day 1 - DC1 -> multiple targets (invoke_wmi)"
1ef3a982-313b-4107-b9ce-0f95f889cc98,"Day 1 - DC1 -> multiple targets (invoke_wmi)"
53da3765-ebff-4c3a-9a23-c2f96302ae57,"Day 1 - DC1 -> multiple targets (invoke_wmi)"
52a9689f-3db2-45a1-a202-07cfcc71c4b5,"Day 1 - DC1 -> multiple targets (invoke_wmi)"
7fb1e05f-8a56-4cf8-8abf-37df6605f499,"Day 1 - DC1 -> multiple targets (invoke_wmi)"
c43b9a39-3f78-4b1c-97ea-062246484ea1,"Day 1 - DC1 -> multiple targets (invoke_wmi)"
a81b5329-ea25-4d2d-bfde-7e53a412c153,"Day 1 - DC1 -> multiple targets (invoke_wmi)"
aa8c3971-b902-4b9a-9b08-76ebb217b2ed,"Day 1 - DC1 -> multiple targets (invoke_wmi)"
489b90ef-4a41-4274-8e6a-f2071e11afb9,"Day 1 - DC1 -> multiple targets (invoke_wmi)"
f061335c-0d77-4a24-92df-b4f90b4578a4,"Day 1 - DC1 -> multiple targets (invoke_wmi)"
731afb12-e220-4788-b3a6-ab09f4506c98,"Day 1 - DC1 -> multiple targets (invoke_wmi)"
8c86d788-48c5-4ba7-b3ea-554f78f9b1bb,"Day 1 - DC1 -> multiple targets (invoke_wmi)"
a53c05da-761b-4498-8cde-7198ab07f152,"Day 1 - DC1 -> multiple targets (invoke_wmi)"
d4a508c2-6fcf-4aa9-acdf-52dac4dcf0ef,"Day 1 - DC1 -> multiple targets (invoke_wmi)"
5742622c-5335-4ee3-ae0a-b4effc7c7ac0,"Day 1 - DC1 -> multiple targets (invoke_wmi)"
55d5a102-08cc-4758-974a-a6263bb9e391,"Day 1 - DC1 -> multiple targets (invoke_wmi)"
e47435c9-78f4-40c8-ba61-63a1de8819c9,"Day 1 - DC1 -> multiple targets (invoke_wmi)"
18d13480-f153-4b4f-abf6-621d88a130d5,"Day 1 - DC1 -> multiple targets (invoke_wmi)"
f2a9e5be-d084-43b4-9f63-50df1b2b0eac,"Day 1 - DC1 -> multiple targets (invoke_wmi)"
1c2d84b3-29ca-4a4c-91e0-e84544310c09,"Day 1 - DC1 -> multiple targets (invoke_wmi)"
b9104365-86b4-4402-bd6e-27ec5298f06e,"Day 1 - DC1 -> multiple targets (invoke_wmi)"
2025ef85-27fe-4573-9d75-e3da11bc669f,"Day 1 - DC1 -> multiple targets (invoke_wmi)"
2ba721a8-db67-48d6-b668-c08b0170678c,"Day 1 - DC1 -> multiple targets (invoke_wmi)"
62a82a40-2c7b-4955-be28-0b7c9dc2a1d8,"Day 1 - DC1 -> multiple targets (invoke_wmi)"
795abd89-3b7e-4d14-b97b-fb13fc020c08,"Day 1 - DC1 -> multiple targets (invoke_wmi)"
84c2804e-c10d-40b7-8dcb-35905f625165,"Day 1 - DC1 -> multiple targets (invoke_wmi)"
12d60e0a-9543-4d43-b339-f3bb582e04fd,"Day 1 - DC1 -> multiple targets (invoke_wmi)"
0f15bee7-4b2e-4800-86ed-ad1721bcfacb,"Day 1 - DC1 -> multiple targets (invoke_wmi)"
8dafb263-7eb6-4089-ab38-0f696bc21aaa,"Day 1 - DC1 -> multiple targets (invoke_wmi)"
87cf62d7-4a0a-4dc0-8166-75305084e2c7,"Day 1 - DC1 -> multiple targets (invoke_wmi)"
793a2d18-d991-4101-bf21-90f39375e9ca,"Day 1 - DC1 -> multiple targets (invoke_wmi)"
f0e15132-c1a0-4039-b28c-d9029f5a87e2,"Day 1 - DC1 -> multiple targets (invoke_wmi)"
da817602-286a-46d9-839f-f37edce1a09d,"Day 1 - DC1 -> multiple targets (invoke_wmi)"
b68f93d4-6526-4e35-88f3-9eb1eb4beeb9,"Day 1 - DC1 -> multiple targets (invoke_wmi)"
dce3b431-b806-43c5-a452-78429b3affd8,"Day 1 - DC1 -> multiple targets (invoke_wmi)"
f65917f6-b1a1-4cf8-8027-ca20183b37f5,"Day 1 - DC1 -> multiple targets (invoke_wmi)"
d6aac98c-7e5f-47c8-94ba-004e68f8d865,"Day 1 - DC1 -> multiple targets (invoke_wmi)"
d252ebea-5e6b-448c-bc90-2201c16b2eb1,"Day 1 - DC1 -> multiple targets (invoke_wmi)"
6bd82ad0-4472-4dd6-8042-81a3e389f3e2,"Day 1 - DC1 -> multiple targets (invoke_wmi)"
7940c0b9-9f4c-4135-8801-42a64b0f4091,"Day 1 - DC1 -> multiple targets (invoke_wmi)"
9a31ad98-843d-459c-81c2-3f8ef417b2f8,"Day 1 - DC1 -> multiple targets (invoke_wmi)"
0c66125c-b1e0-4053-a14b-cd1a182165ba,"Day 1 - DC1 -> multiple targets (invoke_wmi)"
18349dc0-de7c-451c-bbcf-734d31b83f48,"Day 1 - DC1 -> multiple targets (invoke_wmi)"
2b63a20b-d86b-479c-b00d-447fdabc9102,"Day 1 - DC1 -> multiple targets (invoke_wmi)"
d876b205-f823-4274-9a6d-49af0c204f4c,"Day 1 - DC1 -> multiple targets (invoke_wmi)"
d4889348-80cd-4778-a608-b7ee0810ef0e,"Day 1 - DC1 -> multiple targets (invoke_wmi)"
1f853bc2-5271-4c38-a542-dbc935095057,"Day 1 - DC1 -> multiple targets (invoke_wmi)"
7c42ff3d-da25-4e2e-a617-468fb4799751,"Day 1 - DC1 -> multiple targets (invoke_wmi)"
f8582882-c565-4396-8c8a-7a5ed3394547,"Day 1 - DC1 -> multiple targets (invoke_wmi)"
9c46e9cd-fc53-4a90-a2a3-3a6ea6b59cca,"Day 1 - DC1 -> multiple targets (invoke_wmi)"
82eace5a-99a2-4db1-874f-a24e63e65579,"Day 1 - DC1 -> multiple targets (invoke_wmi)"
3e584a39-85da-4ea0-bb53-91ffd0a5bc20,"Day 2 - SysClient0501 -> DC1 (unknown method)"
81cadf6b-dbc1-4959-9997-a0060838f1eb,"Day 2 - SysClient0501 -> DC1 (unknown method)"
77ee4a92-878b-4b31-93ed-3442e1c80b21,"Day 2 - SysClient0501 -> DC1 (unknown method)"
0d43b2ce-cdac-4ef1-a5ed-56ad80647050,"Day 2 - SysClient0501 -> DC1 (unknown method)"
fa59322f-5b12-4bbb-8c38-8f829fa315f9,"Day 2 - SysClient0501 -> DC1 (unknown method)"
6a53fd3c-2c20-43dc-9dd3-7dbd552d2d48,"Day 2 - SysClient0501 -> DC1 (unknown method)"
ab99235b-39e5-4dd4-a54a-a9366861690d,"Day 2 - SysClient0501 -> DC1 (unknown method)"
a7115b67-1fc4-44d6-acf0-9f59b2ab6425,"Day 2 - SysClient0501 -> DC1 (unknown method)"
974d7364-6de0-4347-b227-939025eab7fd,"Day 2 - SysClient0501 -> DC1 (unknown method)"
71034349-da04-42f5-a928-78e53e61afb1,"Day 2 - SysClient0501 -> DC1 (unknown method)"
d281a0af-e347-43ac-97f6-2eba8efa52d1,"Day 2 - SysClient0501 -> DC1 (unknown method)"
1646d8c4-69f5-408e-b526-0e19f9d96e88,"Day 2 - SysClient0501 -> DC1 (unknown method)"
59da2593-25f0-4118-a0b6-27463a311e40,"Day 2 - SysClient0501 -> DC1 (unknown method)"
f875a922-50fe-4c7d-a323-baff5c899099,"Day 2 - SysClient0501 -> DC1 (unknown method)"
d98b5809-3c86-46d7-8aef-1055c5851cae,"Day 2 - SysClient0501 -> DC1 (unknown method)"
fe10ae01-bfed-4a75-b3ee-87bf5dcb8d84,"Day 2 - DC1 -> SysClient0501 (failed WMI)"
983915b9-3c3c-4c8f-acea-a0980676f4bf,"Day 2 - DC1 -> SysClient0501 (failed WMI)"
bd801f9b-d803-4097-8928-96eae461fd3a,"Day 2 - DC1 -> SysClient0501 (failed WMI)"
32a386d7-85cb-4020-b8a2-3a34c7a2c5a4,"Day 2 - DC1 -> SysClient0501 (failed WMI)"
6467d766-ee92-44ea-8a1d-026024b75f3a,"Day 2 - DC1 -> SysClient0502 (failed WMI)"
31b280b4-8ec1-465f-acc5-a481f37e26c3,"Day 2 - DC1 -> SysClient0502 (failed WMI)"
1107a9af-634c-4e43-84ec-53605d09bf16,"Day 2 - DC1 -> SysClient0501 (WMI)"
51d773bc-4769-4f5b-9828-01c0feba33ea,"Day 2 - DC1 -> SysClient0501 (WMI)"
06b2ad34-7c15-4fc9-a9a6-5689d3620789,"Day 2 - DC1 -> SysClient0501 (WMI)"
8733aae7-7a19-4e3f-824a-6387a5c3b792,"Day 2 - DC1 -> SysClient0501 (WMI)"
083500c4-62c9-4a91-b712-1593a39697b8,"Day 2 - DC1 -> SysClient0501 (WMI)"
1ef2354c-6ccf-402e-91db-e9094016b931,"Day 2 - DC1 -> SysClient0501 (WMI)"
16c3fdf1-74a3-4647-acad-053ddc45a8c2,"Day 2 - DC1 -> SysClient0501 (WMI)"
c665b0d0-88d9-4e5e-be8c-0c985d7d3018,"Day 2 - DC1 -> SysClient0501 (WMI)"
eb6e58a7-c0d6-4209-a69e-ac0405290ed3,"Day 2 - DC1 -> SysClient0501 (WMI)"
3834892a-1bab-4369-b02f-f18c3d05e51a,"Day 2 - DC1 -> SysClient0501 (WMI)"
534681ec-f978-4351-aa3d-1e209a116af4,"Day 2 - SysClient0501 -> SysClient0974 (RDP)"
faabb7e7-2316-4869-a085-c61573d6130f,"Day 2 - SysClient0501 -> SysClient0974 (RDP)"
2070466c-73bf-4393-aa09-a8fdccac78a9,"Day 2 - SysClient0974 -> SysClient0005 (RDP)"
a7e061a1-d6ce-4432-b18d-f47ba2438db2,"Day 2 - SysClient0974 -> SysClient0005 (RDP)"
fe18a9de-83dd-42a2-aaec-8d09d926ec4e,"Day 2 - DC1 -> multiple hosts (invoke_wmi)"
843dd1c8-c1bc-4675-93c9-d0bfad1463dd,"Day 2 - DC1 -> multiple hosts (invoke_wmi)"
15217049-7fac-4d9c-a8ac-d1d31fa7f063,"Day 2 - DC1 -> multiple hosts (invoke_wmi)"
ec6e3bac-d048-48be-8d71-b40741500a73,"Day 2 - DC1 -> multiple hosts (invoke_wmi)"
11f707a4-d17b-4ac6-b4a4-7b52c7559d6b,"Day 2 - DC1 -> multiple hosts (invoke_wmi)"
d66c3d60-d4cd-4ba2-885c-0d1ae9cc5fee,"Day 2 - DC1 -> multiple hosts (invoke_wmi)"
e8dde3ec-6991-408b-855a-5f0b5dee7361,"Day 2 - DC1 -> multiple hosts (invoke_wmi)"
67720da5-dd8d-4d3a-bf64-c80b80c0e81e,"Day 2 - DC1 -> multiple hosts (invoke_wmi)"
5e2e670d-faf3-4468-89f8-d7bd82f17a2b,"Day 2 - DC1 -> multiple hosts (invoke_wmi)"
1088173c-9525-4149-b468-203c460f99d8,"Day 2 - DC1 -> multiple hosts (invoke_wmi)"
f88839a7-1163-40b8-af4e-fa84e42e8231,"Day 2 - DC1 -> multiple hosts (invoke_wmi)"
4f0cb653-9bfb-493a-97d8-a7271a34a6d7,"Day 2 - DC1 -> multiple hosts (invoke_wmi)"
3a6390b1-e739-4540-82a2-68feddc145e9,"Day 2 - DC1 -> multiple hosts (invoke_wmi)"
3b0a129a-c0ba-4ea8-84b7-4901713ca32c,"Day 2 - DC1 -> multiple hosts (invoke_wmi)"
2e96a8f2-288f-406f-a56f-e966252eb921,"Day 2 - DC1 -> multiple hosts (invoke_wmi)"
400f4bff-93cc-4fc5-8f71-0463d6b93b54,"Day 2 - DC1 -> multiple hosts (invoke_wmi)"
0afb3903-f857-466e-96ec-579c7803844b,"Day 2 - DC1 -> multiple hosts (invoke_wmi)"
a545edb3-fac8-4d1c-a257-0802f881d4cf,"Day 2 - DC1 -> multiple hosts (invoke_wmi)"
490ce091-cf95-43ff-878b-1ffc252e82b9,"Day 2 - DC1 -> multiple hosts (invoke_wmi)"
d758f190-1a71-4d2b-a036-e802bb0b1f05,"Day 2 - DC1 -> multiple hosts (invoke_wmi)"
23e8329d-2ede-45b6-b645-11c3c47df1a3,"Day 2 - DC1 -> multiple hosts (invoke_wmi)"
18b3d03a-5864-4732-88eb-8974ec8bd74e,"Day 2 - DC1 -> multiple hosts (invoke_wmi)"
bae43026-2d2a-41b4-b0e3-3dc55a811099,"Day 2 - DC1 -> multiple hosts (invoke_wmi)"
852e28ba-033f-4909-9324-1f26a7c90189,"Day 2 - DC1 -> multiple hosts (invoke_wmi)"
71f60cbe-f3e9-4c23-a30e-42c1c7a102d8,"Day 2 - DC1 -> multiple hosts (invoke_wmi)"
608b4a97-2f34-4e79-8fbb-b0d431258d9b,"Day 2 - DC1 -> multiple hosts (invoke_wmi)"
513dda17-3e58-4635-b655-4ba30cf11ac8,"Day 2 - DC1 -> multiple hosts (invoke_wmi)"
88940a87-090c-47c1-ba68-0c9a1022546b,"Day 2 - DC1 -> multiple hosts (invoke_wmi)"
31796750-57cd-44f8-8dc6-278e9ecb223c,"Day 2 - DC1 -> multiple hosts (invoke_wmi)"
127ff5c2-9c1b-4d68-ba0d-9de84cd633d2,"Day 2 - DC1 -> multiple hosts (invoke_wmi)"
c7d5d0f8-d046-44f2-9155-81c1c812fd90,"Day 2 - DC1 -> multiple hosts (invoke_wmi)"
a00a6a79-022d-46a6-9368-ae5d5b4adda8,"Day 2 - DC1 -> multiple hosts (invoke_wmi)"
4063d64f-3687-4ce8-aeee-19fc81cc45d7,"Day 2 - DC1 -> multiple hosts (invoke_wmi)"
9bbaa7c8-1b87-4f3a-a850-b4d4ace83ab9,"Day 2 - DC1 -> multiple hosts (invoke_wmi)"
03dde471-8344-4e3e-b98c-1e5072d19974,"Day 2 - DC1 -> multiple hosts (invoke_wmi)"
69151884-53ea-4a9d-82e9-bf93824c8f02,"Day 2 - DC1 -> multiple hosts (invoke_wmi)"
1a47d626-3bde-4a11-991b-922bf716bcc6,"Day 2 - DC1 -> multiple hosts (invoke_wmi)"
23d2ee1c-730e-4e13-bd0f-d2a280154313,"Day 2 - DC1 -> multiple hosts (invoke_wmi)"
655ea3ee-269a-4cc7-86c8-d28f19b7234d,"Day 2 - DC1 -> multiple hosts (invoke_wmi)"
a2f44360-b2eb-4dc6-be6f-3d8c8f8b8cd9,"Day 2 - DC1 -> multiple hosts (invoke_wmi)"
0b935c60-a5f2-4a10-b248-9e3b126e8f98,"Day 2 - DC1 -> multiple hosts (invoke_wmi)"
625d72c9-d371-48ae-89ea-b45a8e4a6b92,"Day 2 - DC1 -> multiple hosts (invoke_wmi)"
c1b4954c-6e60-4193-bf42-5bb5e0f90f10,"Day 2 - DC1 -> multiple hosts (invoke_wmi)"
7aac184a-1730-4611-905c-110c07dd703a,"Day 2 - DC1 -> multiple hosts (invoke_wmi)"
b85f29d2-f312-4853-9cf0-4f1b7241a32b,"Day 2 - DC1 -> multiple hosts (invoke_wmi)"
06c0cbc4-582f-4f5d-9f14-9cf6dd17bddc,"Day 2 - DC1 -> multiple hosts (invoke_wmi)"
73d52ab0-1ed9-439b-b8c5-0b40307d00d3,"Day 2 - DC1 -> multiple hosts (invoke_wmi)"
0ced0265-5b89-4355-971d-0d67c259b53e,"Day 2 - DC1 -> multiple hosts (invoke_wmi)"
19d0a4f5-90e8-47f7-823c-dff3fe98596d,"Day 2 - DC1 -> multiple hosts (invoke_wmi)"
3265effd-47e4-4bd6-8727-41d2fd84a0aa,"Day 2 - DC1 -> multiple hosts (invoke_wmi)"
e30bbaef-fab9-4ee3-bd52-3d0170873c3b,"Day 2 - DC1 -> multiple hosts (invoke_wmi)"
f671ec89-a16f-4dd7-afc2-71d74de00ee8,"Day 2 - DC1 -> multiple hosts (invoke_wmi)"
1b26962e-0b16-413e-8563-648057718b09,"Day 2 - DC1 -> multiple hosts (invoke_wmi)"
970d35c9-bf85-4da4-8e22-23c7ad6ce7b5,"Day 2 - DC1 -> multiple hosts (invoke_wmi)"
ce44f687-064e-4260-8266-4eba70c7061e,"Day 2 - DC1 -> multiple hosts (invoke_wmi)"
4a12412b-55d0-43c6-8169-390e8874847d,"Day 2 - DC1 -> multiple hosts (invoke_wmi)"
c60a46df-5586-4f50-8da6-c4e0def50a24,"Day 2 - DC1 -> multiple hosts (invoke_wmi)"
499fc2ae-cc74-4e0f-a0ac-5fdbb6a8ae9b,"Day 2 - DC1 -> multiple hosts (invoke_wmi)"
26d78bdc-dafd-489c-959c-147bef6df303,"Day 2 - DC1 -> multiple hosts (invoke_wmi)"
5e97efc0-2824-4163-bfeb-c0141d41b926,"Day 2 - DC1 -> multiple hosts (invoke_wmi)"
